{"RuleTriggered": 0, "Violations": 438, "Details": {"low_gpu_utilization": 651, "bottlenecks": {"1612449509.312992": {"GPUs": 8, "CPUs": 1}, "1612449509.812975": {"GPUs": 8, "CPUs": 1}, "1612449510.312934": {"GPUs": 8, "CPUs": 1}, "1612449510.812968": {"GPUs": 8, "CPUs": 2}, "1612449511.312926": {"GPUs": 8, "CPUs": 1}, "1612449512.312947": {"GPUs": 8, "CPUs": 1}, "1612449512.81294": {"GPUs": 8, "CPUs": 1}, "1612449514.813009": {"GPUs": 8, "CPUs": 1}, "1612449515.812906": {"GPUs": 8, "CPUs": 1}, "1612449516.312996": {"GPUs": 8, "CPUs": 1}, "1612449516.81293": {"GPUs": 8, "CPUs": 1}, "1612449517.312924": {"GPUs": 8, "CPUs": 1}, "1612449517.812958": {"GPUs": 8, "CPUs": 1}, "1612449518.312992": {"GPUs": 8, "CPUs": 1}, "1612449518.813048": {"GPUs": 8, "CPUs": 1}, "1612449519.313104": {"GPUs": 8, "CPUs": 1}, "1612449520.812999": {"GPUs": 8, "CPUs": 2}, "1612449521.312957": {"GPUs": 8, "CPUs": 3}, "1612449521.812991": {"GPUs": 8, "CPUs": 3}, "1612449522.312983": {"GPUs": 8, "CPUs": 3}, "1612449522.812984": {"GPUs": 8, "CPUs": 3}, "1612449523.312939": {"GPUs": 8, "CPUs": 2}, "1612449523.813004": {"GPUs": 8, "CPUs": 2}, "1612449524.313001": {"GPUs": 8, "CPUs": 2}, "1612449524.812998": {"GPUs": 8, "CPUs": 2}, "1612449525.312994": {"GPUs": 8, "CPUs": 2}, "1612449525.813062": {"GPUs": 8, "CPUs": 2}, "1612449526.313018": {"GPUs": 8, "CPUs": 1}, "1612449530.812942": {"GPUs": 8, "CPUs": 1}, "1612449531.31293": {"GPUs": 8, "CPUs": 1}, "1612449535.813195": {"GPUs": 8, "CPUs": 1}, "1612449536.312906": {"GPUs": 8, "CPUs": 1}, "1612449538.8132": {"GPUs": 8, "CPUs": 1}, "1612449539.313194": {"GPUs": 8, "CPUs": 1}, "1612449539.813154": {"GPUs": 8, "CPUs": 1}, "1612449541.312938": {"GPUs": 8, "CPUs": 3}, "1612449541.812918": {"GPUs": 8, "CPUs": 3}, "1612449542.31295": {"GPUs": 8, "CPUs": 2}, "1612449542.812933": {"GPUs": 8, "CPUs": 2}, "1612449543.312985": {"GPUs": 8, "CPUs": 2}, "1612449543.812949": {"GPUs": 8, "CPUs": 1}, "1612449544.312952": {"GPUs": 8, "CPUs": 2}, "1612449544.812957": {"GPUs": 8, "CPUs": 2}, "1612449545.313029": {"GPUs": 8, "CPUs": 2}, "1612449545.812992": {"GPUs": 8, "CPUs": 2}, "1612449546.312948": {"GPUs": 8, "CPUs": 2}, "1612449546.812911": {"GPUs": 8, "CPUs": 2}, "1612449547.312984": {"GPUs": 8, "CPUs": 2}, "1612449547.812896": {"GPUs": 8, "CPUs": 2}, "1612449551.813026": {"GPUs": 8, "CPUs": 2}, "1612449552.312963": {"GPUs": 8, "CPUs": 2}, "1612449552.812968": {"GPUs": 8, "CPUs": 2}, "1612449553.313049": {"GPUs": 8, "CPUs": 2}, "1612449553.813075": {"GPUs": 8, "CPUs": 2}, "1612449554.313027": {"GPUs": 8, "CPUs": 2}, "1612449554.812962": {"GPUs": 8, "CPUs": 2}, "1612449555.312966": {"GPUs": 8, "CPUs": 2}, "1612449555.812968": {"GPUs": 8, "CPUs": 2}, "1612449556.31301": {"GPUs": 8, "CPUs": 2}, "1612449556.812964": {"GPUs": 8, "CPUs": 2}, "1612449557.312945": {"GPUs": 8, "CPUs": 2}, "1612449557.812947": {"GPUs": 8, "CPUs": 2}, "1612449558.813018": {"GPUs": 8, "CPUs": 1}, "1612449559.312957": {"GPUs": 8, "CPUs": 1}, "1612449559.812997": {"GPUs": 8, "CPUs": 1}, "1612449560.31295": {"GPUs": 8, "CPUs": 1}, "1612449560.812944": {"GPUs": 8, "CPUs": 1}, "1612449561.312991": {"GPUs": 8, "CPUs": 1}, "1612449561.812988": {"GPUs": 8, "CPUs": 1}, "1612449562.313028": {"GPUs": 8, "CPUs": 1}, "1612449562.813045": {"GPUs": 8, "CPUs": 1}, "1612449563.312991": {"GPUs": 8, "CPUs": 1}, "1612449563.812971": {"GPUs": 8, "CPUs": 1}, "1612449564.312955": {"GPUs": 8, "CPUs": 1}, "1612449564.812986": {"GPUs": 8, "CPUs": 1}, "1612449565.312972": {"GPUs": 8, "CPUs": 1}, "1612449565.813052": {"GPUs": 8, "CPUs": 1}, "1612449566.312969": {"GPUs": 8, "CPUs": 1}, "1612449566.812928": {"GPUs": 8, "CPUs": 1}, "1612449567.312984": {"GPUs": 8, "CPUs": 1}, "1612449567.812913": {"GPUs": 8, "CPUs": 1}, "1612449572.813024": {"GPUs": 8, "CPUs": 1}, "1612449573.313004": {"GPUs": 8, "CPUs": 2}, "1612449573.812946": {"GPUs": 8, "CPUs": 3}, "1612449574.31292": {"GPUs": 8, "CPUs": 3}, "1612449574.813029": {"GPUs": 8, "CPUs": 3}, "1612449576.812959": {"GPUs": 8, "CPUs": 1}, "1612449577.312834": {"GPUs": 8, "CPUs": 1}, "1612449578.312992": {"GPUs": 8, "CPUs": 2}, "1612449585.312942": {"GPUs": 8, "CPUs": 1}, "1612449588.812976": {"GPUs": 8, "CPUs": 1}, "1612449589.312961": {"GPUs": 8, "CPUs": 1}, "1612449589.812989": {"GPUs": 8, "CPUs": 1}, "1612449590.312941": {"GPUs": 8, "CPUs": 1}, "1612449590.812963": {"GPUs": 8, "CPUs": 1}, "1612449591.312937": {"GPUs": 8, "CPUs": 3}, "1612449591.812935": {"GPUs": 8, "CPUs": 3}, "1612449592.312974": {"GPUs": 8, "CPUs": 3}, "1612449592.812977": {"GPUs": 8, "CPUs": 2}, "1612449593.312985": {"GPUs": 8, "CPUs": 1}, "1612449593.813022": {"GPUs": 8, "CPUs": 1}, "1612449594.313015": {"GPUs": 8, "CPUs": 1}, "1612449594.812963": {"GPUs": 8, "CPUs": 1}, "1612449598.312947": {"GPUs": 8, "CPUs": 1}, "1612449603.813018": {"GPUs": 8, "CPUs": 2}, "1612449604.312969": {"GPUs": 8, "CPUs": 2}, "1612449604.812958": {"GPUs": 8, "CPUs": 2}, "1612449605.31293": {"GPUs": 8, "CPUs": 2}, "1612449606.812972": {"GPUs": 8, "CPUs": 2}, "1612449607.312964": {"GPUs": 8, "CPUs": 1}, "1612449607.81294": {"GPUs": 8, "CPUs": 2}, "1612449608.312991": {"GPUs": 8, "CPUs": 2}, "1612449608.812984": {"GPUs": 8, "CPUs": 2}, "1612449609.312989": {"GPUs": 8, "CPUs": 1}, "1612449609.812991": {"GPUs": 8, "CPUs": 1}, "1612449610.31298": {"GPUs": 8, "CPUs": 2}, "1612449622.312984": {"GPUs": 8, "CPUs": 2}, "1612449623.812953": {"GPUs": 8, "CPUs": 1}, "1612449624.313054": {"GPUs": 8, "CPUs": 1}, "1612449624.812952": {"GPUs": 8, "CPUs": 1}, "1612449627.812959": {"GPUs": 8, "CPUs": 1}, "1612449628.312973": {"GPUs": 8, "CPUs": 1}, "1612449628.812985": {"GPUs": 8, "CPUs": 1}, "1612449629.312989": {"GPUs": 8, "CPUs": 1}, "1612449629.812968": {"GPUs": 8, "CPUs": 1}, "1612449630.312998": {"GPUs": 8, "CPUs": 1}, "1612449631.31302": {"GPUs": 8, "CPUs": 1}, "1612449631.813072": {"GPUs": 8, "CPUs": 1}, "1612449632.313066": {"GPUs": 8, "CPUs": 1}, "1612449632.813051": {"GPUs": 8, "CPUs": 1}, "1612449633.313006": {"GPUs": 8, "CPUs": 1}, "1612449640.313028": {"GPUs": 8, "CPUs": 1}, "1612449640.813007": {"GPUs": 8, "CPUs": 2}, "1612449641.312981": {"GPUs": 8, "CPUs": 2}, "1612449641.813037": {"GPUs": 8, "CPUs": 2}, "1612449642.313021": {"GPUs": 8, "CPUs": 2}, "1612449642.813025": {"GPUs": 8, "CPUs": 2}, "1612449643.31304": {"GPUs": 8, "CPUs": 2}, "1612449643.813061": {"GPUs": 8, "CPUs": 2}, "1612449649.312907": {"GPUs": 8, "CPUs": 1}, "1612449649.812921": {"GPUs": 8, "CPUs": 1}, "1612449650.813024": {"GPUs": 8, "CPUs": 1}, "1612449651.312956": {"GPUs": 8, "CPUs": 1}, "1612449651.812966": {"GPUs": 8, "CPUs": 1}, "1612449652.31297": {"GPUs": 8, "CPUs": 1}, "1612449652.812998": {"GPUs": 8, "CPUs": 1}, "1612449653.312954": {"GPUs": 8, "CPUs": 1}, "1612449653.812976": {"GPUs": 8, "CPUs": 1}, "1612449655.812974": {"GPUs": 8, "CPUs": 1}, "1612449656.313017": {"GPUs": 8, "CPUs": 1}, "1612449656.813069": {"GPUs": 8, "CPUs": 1}, "1612449657.313076": {"GPUs": 8, "CPUs": 1}, "1612449657.812964": {"GPUs": 8, "CPUs": 1}, "1612449658.312936": {"GPUs": 8, "CPUs": 1}, "1612449658.812991": {"GPUs": 8, "CPUs": 1}, "1612449659.312935": {"GPUs": 8, "CPUs": 1}, "1612449659.813066": {"GPUs": 8, "CPUs": 1}, "1612449660.313031": {"GPUs": 8, "CPUs": 1}, "1612449660.812981": {"GPUs": 8, "CPUs": 1}, "1612449661.312988": {"GPUs": 8, "CPUs": 1}, "1612449661.812985": {"GPUs": 8, "CPUs": 1}, "1612449662.312948": {"GPUs": 8, "CPUs": 1}, "1612449662.812956": {"GPUs": 8, "CPUs": 1}, "1612449663.313015": {"GPUs": 8, "CPUs": 2}, "1612449663.812984": {"GPUs": 8, "CPUs": 2}, "1612449664.31297": {"GPUs": 8, "CPUs": 1}, "1612449664.813063": {"GPUs": 8, "CPUs": 2}, "1612449665.313049": {"GPUs": 8, "CPUs": 2}, "1612449665.813001": {"GPUs": 8, "CPUs": 2}, "1612449676.812961": {"GPUs": 8, "CPUs": 1}, "1612449686.812972": {"GPUs": 8, "CPUs": 1}, "1612449694.812897": {"GPUs": 8, "CPUs": 1}, "1612449695.312948": {"GPUs": 8, "CPUs": 1}, "1612449695.812963": {"GPUs": 8, "CPUs": 1}, "1612449696.312954": {"GPUs": 8, "CPUs": 1}, "1612449700.312886": {"GPUs": 8, "CPUs": 2},