{"RuleTriggered": 1, "Violations": 3, "Details": {"pin_memory": true, "num_workers": 4, "cores": 64, "dataloaders": 30, "dataloading_time": {"p25": 1.15903925, "p50": 1.6077705, "p95": 2.04726815, "probs": [8, 0, 48, 1076, 474, 810, 729, 31, 0, 0, 0, 0, 0, 0, 0, 0, 0, 0, 0, 0, 0, 0, 0, 0, 0, 0, 0, 0, 0, 0, 0, 0, 0, 0, 0, 0, 0, 0, 0, 0, 0, 0, 0, 0, 0, 0, 0, 0, 0, 0, 0, 0, 0, 0, 0, 0, 0, 0, 0, 0, 0, 0, 0, 0, 0, 0, 0, 0, 0, 0, 0, 0, 0, 0, 0, 0, 0, 0, 0, 0, 0, 0, 0, 0, 0, 0, 0, 0, 0, 0, 0, 0, 0, 0, 0, 0, 0, 0, 0, 64], "binedges": [5.6e-05, 0.30597953, 0.6119030599999999, 0.9178265899999999, 1.22375012, 1.52967365, 1.83559718, 2.14152071, 2.44744424, 2.7533677699999997, 3.0592913, 3.3652148299999998, 3.6711383599999996, 3.97706189, 4.28298542, 4.5889089499999995, 4.89483248, 5.20075601, 5.5066795399999995, 5.81260307, 6.1185266, 6.424450129999999, 6.73037366, 7.03629719, 7.342220719999999, 7.64814425, 7.95406778, 8.25999131, 8.565914840000001, 8.87183837, 9.1777619, 9.483685430000001, 9.78960896, 10.09553249, 10.401456020000001, 10.70737955, 11.01330308, 11.319226610000001, 11.62515014, 11.93107367, 12.236997200000001, 12.54292073, 12.84884426, 13.154767790000001, 13.46069132, 13.76661485, 14.072538380000001, 14.37846191, 14.68438544, 14.990308970000001, 15.2962325, 15.602156030000002, 15.908079560000001, 16.214003090000002, 16.51992662, 16.82585015, 17.131773680000002, 17.43769721, 17.74362074, 18.049544270000002, 18.3554678, 18.66139133, 18.967314860000002, 19.27323839, 19.57916192, 19.885085450000002, 20.19100898, 20.49693251, 20.80285604, 21.10877957, 21.4147031, 21.72062663, 22.02655016, 22.33247369, 22.63839722, 22.94432075, 23.25024428, 23.55616781, 23.86209134, 24.16801487, 24.4739384, 24.77986193, 25.08578546, 25.39170899, 25.69763252, 26.00355605, 26.30947958, 26.61540311, 26.92132664, 27.22725017, 27.5331737, 27.83909723, 28.14502076, 28.45094429, 28.75686782, 29.06279135, 29.36871488, 29.67463841, 29.98056194, 30.286485470000002, 30.592409]}}, "Datapoints": 3240, "RuleParameters": "min_threshold:70\nmax_threshold:200"}