{"RuleTriggered": 0, "Violations": 0, "Details": {"ratio": {"gpu_functions-dev:4": 0.11724785309734893, "gpu_functions-dev:2": 10.213784754131982, "gpu_functions-dev:5": 6.219051759890723, "gpu_functions-dev:3": 4.913814695088131, "gpu_functions-dev:7": 1.979914369820471, "gpu_functions-dev:1": 12.542461122719, "gpu_functions-dev:0": 13.376408675427859, "gpu_functions-dev:6": 0.635042546480708, "cpu_functions": 50.002274223343775}, "phase": {"Step:ModeKeys.GLOBAL": 82.01785739231448, "others": 17.98214260768552}, "phase_time": {}, "general": {"DataLoaderIterInitialize": 3.4163448703259136, "Forward": 7.007062253788862, "DataLoaderIter": 1.3053990231323807e-05, "DataLoaderWorker": 89.45262291578051, "rank:2.NCCL": 0.022649649425616158, "rank:4.NCCL": 3.399922455740279e-05, "rank:6.NCCL": 0.0012512169386783923, "rank:0.NCCL": 0.029635313073043214, "rank:1.NCCL": 0.027894250500930393, "rank:5.NCCL": 0.02743485971970572, "rank:7.NCCL": 0.004236394329784327, "rank:3.NCCL": 0.010821222902167792}, "CPU": {"add_": 43.72819807067386, "torch::autograd::AccumulateGrad": 56.271801929326124}, "CPU_total": {"add_": 7209876, "torch::autograd::AccumulateGrad": 9278057}, "GPU": {"add_": 43.72674047283581, "torch::autograd::AccumulateGrad": 56.2732595271642}, "GPU_total": {"add_": 7209372, "torch::autograd::AccumulateGrad": 9277958}}, "Datapoints": 0, "RuleParameters": ""}