{"RuleTriggered": 0, "Violations": 0, "Details": {"step_details": {"algo-1-4": {"step_stats": {"mean": 0.010804792537075426, "max": 20.500685, "p99": 0.008536600000000004, "p95": 0.0044335, "p50": 0.002988, "min": 0.001663}, "number_of_outliers": 3, "phase": "Step:ModeKeys.GLOBAL", "stddev": 0.38, "probs": [5014, 1129, 33, 43, 42, 5, 1, 0, 0, 0, 0, 0, 0, 0, 0, 0, 0, 0, 0, 0, 0, 0, 0, 0, 0, 0, 0, 0, 0, 0, 0, 0, 0, 0, 0, 0, 0, 0, 0, 0, 0, 0, 0, 0, 0, 0, 0, 0, 0, 0, 0, 0, 0, 0, 0, 0, 0, 0, 0, 0, 0, 0, 0, 0, 0, 0, 0, 0, 0, 0, 0, 0, 0, 0, 0, 0, 0, 0, 0, 0, 0, 0, 0, 0, 0, 0, 0, 0, 0, 0, 0, 0, 0, 0, 0, 0, 0, 0, 0, 1], "binedges": [0.001663, 0.0034866100000000002, 0.00531022, 0.007133830000000001, 0.00895744, 0.01078105, 0.01260466, 0.01442827, 0.01625188, 0.018075490000000003, 0.019899100000000003, 0.021722710000000003, 0.023546320000000003, 0.025369930000000002, 0.027193540000000002, 0.029017150000000002, 0.030840760000000002, 0.03266437, 0.03448798, 0.03631159, 0.0381352, 0.03995881, 0.04178242, 0.04360603, 0.04542964, 0.04725325, 0.04907686, 0.050900469999999996, 0.05272408, 0.054547689999999996, 0.0563713, 0.058194909999999996, 0.06001852, 0.06184213, 0.06366574, 0.06548935, 0.06731296, 0.06913657, 0.07096018, 0.07278379, 0.0746074, 0.07643101, 0.07825462, 0.08007823, 0.08190184, 0.08372544999999999, 0.08554906, 0.08737267, 0.08919628, 0.09101989, 0.0928435, 0.09466711, 0.09649072, 0.09831433, 0.10013794, 0.10196155, 0.10378516, 0.10560877, 0.10743238, 0.10925599, 0.1110796, 0.11290321, 0.11472682, 0.11655043, 0.11837404, 0.12019765, 0.12202126, 0.12384487, 0.12566848, 0.12749209, 0.1293157, 0.13113931, 0.13296292, 0.13478653, 0.13661014, 0.13843375, 0.14025736, 0.14208097, 0.14390458, 0.14572819, 0.1475518, 0.14937541000000001, 0.15119902, 0.15302263, 0.15484624, 0.15666985, 0.15849346, 0.16031707, 0.16214068, 0.16396429, 0.1657879, 0.16761151, 0.16943512, 0.17125873, 0.17308234, 0.17490595, 0.17672956, 0.17855317, 0.18037678000000001, 0.18220039, 0.184024], "step_numbers": ["0", "5", "5"]}, "algo-1-2": {"step_stats": {"mean": 0.010298604818123806, "max": 18.810569, "p99": 0.00831032, "p95": 0.004455299999999999, "p50": 0.003025, "min": 0.001745}, "number_of_outliers": 3, "phase": "Step:ModeKeys.GLOBAL", "stddev": 0.35, "probs": [4365, 1715, 76, 30, 46, 24, 5, 2, 0, 0, 1, 0, 0, 0, 0, 0, 0, 0, 0, 0, 0, 0, 0, 0, 0, 0, 0, 0, 0, 0, 0, 0, 0, 0, 0, 0, 0, 0, 0, 0, 0, 0, 0, 0, 0, 0, 0, 0, 0, 0, 0, 0, 0, 0, 0, 0, 0, 0, 0, 0, 0, 0, 0, 0, 0, 0, 0, 0, 0, 0, 0, 0, 0, 0, 0, 0, 0, 0, 0, 0, 0, 0, 0, 0, 0, 0, 0, 0, 0, 0, 0, 0, 0, 0, 0, 0, 0, 0, 0, 1], "binedges": [0.001745, 0.00327226, 0.00479952, 0.00632678, 0.00785404, 0.009381299999999999, 0.01090856, 0.01243582, 0.01396308, 0.015490339999999998, 0.0170176, 0.01854486, 0.02007212, 0.021599379999999998, 0.02312664, 0.0246539, 0.02618116, 0.027708419999999997, 0.029235679999999997, 0.03076294, 0.0322902, 0.033817459999999994, 0.035344719999999996, 0.03687198, 0.03839924, 0.039926500000000004, 0.04145375999999999, 0.042981019999999995, 0.04450828, 0.04603554, 0.0475628, 0.04909005999999999, 0.05061731999999999, 0.052144579999999996, 0.05367184, 0.0551991, 0.05672635999999999, 0.05825361999999999, 0.059780879999999995, 0.06130814, 0.0628354, 0.06436265999999999, 0.06588991999999999, 0.06741718, 0.06894444, 0.0704717, 0.07199895999999999, 0.07352621999999999, 0.07505347999999999, 0.07658074, 0.078108, 0.07963525999999999, 0.08116251999999999, 0.08268977999999999, 0.08421703999999999, 0.0857443, 0.08727156, 0.08879881999999999, 0.09032607999999999, 0.09185333999999999, 0.0933806, 0.09490786, 0.09643511999999999, 0.09796237999999999, 0.09948963999999999, 0.10101689999999999, 0.10254416, 0.10407141999999998, 0.10559867999999999, 0.10712593999999999, 0.10865319999999999, 0.11018046, 0.11170771999999998, 0.11323497999999999, 0.11476223999999999, 0.11628949999999999, 0.11781675999999999, 0.11934402, 0.12087127999999998, 0.12239853999999999, 0.12392579999999999, 0.12545306, 0.12698031999999998, 0.12850757999999998, 0.13003483999999998, 0.1315621, 0.13308936, 0.13461662, 0.13614388, 0.13767114, 0.1391984, 0.14072565999999997, 0.14225291999999998, 0.14378017999999998, 0.14530743999999998, 0.14683469999999998, 0.14836196, 0.14988922, 0.15141648, 0.15294374, 0.154471], "step_numbers": ["0", "5", "5"]}, "algo-1-5": {"step_stats": {"mean": 0.010165373624621275, "max": 18.455503, "p99": 0.0082133, "p95": 0.0044735, "p50": 0.003001, "min": 0.001682}, "number_of_outliers": 3, "phase": "Step:ModeKeys.GLOBAL", "stddev": 0.34, "probs": [5227, 920, 42, 43, 26, 5, 4, 0, 0, 0, 0, 0, 0, 0, 0, 0, 0, 0, 0, 0, 0, 0, 0, 0, 0, 0, 0, 0, 0, 0, 0, 0, 0, 0, 0, 0, 0, 0, 0, 0, 0, 0, 0, 0, 0, 0, 0, 0, 0, 0, 0, 0, 0, 0, 0, 0, 0, 0, 0, 0, 0, 0, 0, 0, 0, 0, 0, 0, 0, 0, 0, 0, 0, 0, 0, 0, 0, 0, 0, 0, 0, 0, 0, 0, 0, 0, 0, 0, 0, 0, 0, 0, 0, 0, 0, 0, 0, 0, 0, 1], "binedges": [0.001682, 0.00362891, 0.00557582, 0.00752273, 0.00946964, 0.01141655, 0.01336346, 0.01531037, 0.01725728, 0.01920419, 0.0211511, 0.02309801, 0.025044920000000002, 0.02699183, 0.02893874, 0.03088565, 0.032832560000000004, 0.03477947000000001, 0.03672638, 0.038673290000000006, 0.0406202, 0.042567110000000005, 0.04451402, 0.046460930000000004, 0.04840784000000001, 0.050354750000000004, 0.05230166000000001, 0.05424857, 0.056195480000000006, 0.05814239, 0.060089300000000005, 0.06203621, 0.06398312, 0.06593003, 0.06787694000000001, 0.06982385, 0.07177076, 0.07371767, 0.07566458000000001, 0.07761149, 0.0795584, 0.08150531000000001, 0.08345222000000001, 0.08539913, 0.08734604, 0.08929295000000001, 0.09123986, 0.09318677, 0.09513368000000001, 0.09708059000000001, 0.0990275, 0.10097441, 0.10292132000000001, 0.10486823, 0.10681514, 0.10876205, 0.11070896000000001, 0.11265587, 0.11460278, 0.11654969000000001, 0.11849660000000001, 0.12044351, 0.12239042, 0.12433733000000001, 0.12628424, 0.12823115, 0.13017805999999998, 0.13212496999999998, 0.13407188, 0.13601879, 0.1379657, 0.13991261, 0.14185952, 0.14380642999999999, 0.14575333999999998, 0.14770025, 0.14964716, 0.15159407, 0.15354098, 0.15548789, 0.15743479999999999, 0.15938170999999998, 0.16132862, 0.16327553, 0.16522244, 0.16716935, 0.16911626, 0.17106317, 0.17301007999999998, 0.17495699, 0.1769039, 0.17885081, 0.18079772, 0.18274463, 0.18469154, 0.18663844999999998, 0.18858536, 0.19053227, 0.19247918, 0.19442609, 0.196373], "step_numbers": ["0", "5", "5"]}, "algo-1-3": {"step_stats": {"mean": 0.010576645670546964, "max": 19.695258, "p99": 0.008303700000000006, "p95": 0.004481, "p50": 0.003013, "min": 0.001667}, "number_of_outliers": 3, "phase": "Step:ModeKeys.GLOBAL", "stddev": 0.36, "probs": [5490, 661, 56, 47, 9, 2, 1, 1, 0, 0, 0, 0, 0, 0, 0, 0, 0, 0, 0, 0, 0, 0, 0, 0, 0, 0, 0, 0, 0, 0, 0, 0, 0, 0, 0, 0, 0, 0, 0, 0, 0, 0, 0, 0, 0, 0, 0, 0, 0, 0, 0, 0, 0, 0, 0, 0, 0, 0, 0, 0, 0, 0, 0, 0, 0, 0, 0, 0, 0, 0, 0, 0, 0, 0, 0, 0, 0, 0, 0, 0, 0, 0, 0, 0, 0, 0, 0, 0, 0, 0, 0, 0, 0, 0, 0, 0, 0, 0, 0, 1],